symbol,example
SpatialKDE,01_spatial_kde.py
NetworkKDE,08_network_kde.py
SpatialKDEResult,01_spatial_kde.py
NetworkField,08_network_kde.py
BandwidthSelectionResult,03_bandwidth_selection.py
FixedBandwidth,01_spatial_kde.py
KNNBandwidth,04_adaptive_bandwidths.py
AbramsonBandwidth,04_adaptive_bandwidths.py
LikelihoodCVBandwidth,03_bandwidth_selection.py
LeastSquaresCVBandwidth,03_bandwidth_selection.py
LikelihoodCV,03_bandwidth_selection.py
LeastSquaresCV,03_bandwidth_selection.py
EuclideanMetric,01_spatial_kde.py
GaussianKernel,01_spatial_kde.py
EpanechnikovKernel,02_weighted_intensity.py
QuarticKernel,02_weighted_intensity.py
TriangularKernel,02_weighted_intensity.py
UniformKernel,02_weighted_intensity.py
ExponentialKernel,02_weighted_intensity.py
get_kernel,02_weighted_intensity.py
SpatialEvents,05_data_objects.py
PointSupport,05_data_objects.py
GridSupport,05_data_objects.py
SpatialBoundary,05_data_objects.py
KDEDataset,05_data_objects.py
DataProvenance,05_data_objects.py
DataValidationReport,05_data_objects.py
make_bimodal_events,05_data_objects.py
load_bimodal_points,05_data_objects.py
load_bounded_square,05_data_objects.py
LinearNetwork,06_network_foundation.py
NetworkEvents,06_network_foundation.py
SnapResult,06_network_foundation.py
snap_events,06_network_foundation.py
LixelSupport,06_network_foundation.py
NetworkWorkspace,08_network_kde.py
NetworkDataset,06_network_foundation.py
NetworkLocations,07_network_distances.py
NetworkDistanceAsset,07_network_distances.py
build_network_distance_asset,07_network_distances.py
build_event_lixel_distances,07_network_distances.py
TraversalState,07_network_distances.py
TraversalResult,07_network_distances.py
truncated_traversal,07_network_distances.py
JunctionPolicy,08_network_kde.py
SimpleJunctionPolicy,08_network_kde.py
DiscontinuousJunctionPolicy,08_network_kde.py
ContinuousJunctionPolicy,08_network_kde.py
get_junction_policy,08_network_kde.py
PropagationRecord,08_network_kde.py
PropagationTrace,08_network_kde.py
trace_network_propagation,08_network_kde.py
from_networkx_graph,06_network_foundation.py
from_osmnx_graph,06_network_foundation.py
network_from_place,06_network_foundation.py
load_t_junction,08_network_kde.py
load_cross_network,06_network_foundation.py
load_ring_network,06_network_foundation.py
load_disconnected_network,06_network_foundation.py
load_osmnx_fixture,06_network_foundation.py
make_grid_network,06_network_foundation.py
BaseNetworkBandwidth,09_network_bandwidths.py
FixedNetworkBandwidth,09_network_bandwidths.py
NetworkKNNBandwidth,09_network_bandwidths.py
NetworkLikelihoodCVBandwidth,09_network_bandwidths.py
NetworkLeastSquaresCVBandwidth,09_network_bandwidths.py
NetworkLikelihoodCV,09_network_bandwidths.py
NetworkLeastSquaresCV,09_network_bandwidths.py
NetworkSelectionCache,09_network_bandwidths.py
build_event_event_distances,09_network_bandwidths.py
